name,surname,code
Aghil Yousefi Koma,University of Tehran,Aghil Yousefi KomaUniversity of Tehranbce41
Ahmad Bagheri,Guilan University,Ahmad BagheriGuilan University6efa3
S. Ali A. Moosavian,K. N. Toosi University of Technology,S. Ali A. MoosavianK. N. Toosi University of Technology8617d
Ali Najafi Ardakani,K. N. Toosi Univ. of Technology,Ali Najafi ArdakaniK. N. Toosi Univ. of Technology0b3e0
Esmaeil Najafi,K. N. Toosi Univ. of Technology,Esmaeil NajafiK. N. Toosi Univ. of Technology7c9e8
Amir Hossein Davaei-Markazi,Iran University of Science and Technology,Amir Hossein Davaei-MarkaziIran University of Science and Technologya5b1b
Ariya Alasty,Sharif University of Technology,Ariya AlastySharif University of Technology6c8e0
Mrs. Farahani,RSI Secretrait,Mrs. FarahaniRSI Secretrait7d82d
Farid Najafi,Guilan University,Farid NajafiGuilan Universityca6e8
Farshad Torabi,K. N. Toosi Univ. of Technology,Farshad TorabiK. N. Toosi Univ. of Technology07828
Farzaneh Abdollahi,Amirkabir University of Technology,Farzaneh AbdollahiAmirkabir University of Technology85023
Ghasem Barezi,Qeshm Voltage,Ghasem BareziQeshm Voltage95a08
Hadi Moradi,University of Tehran,Hadi MoradiUniversity of Tehran03dc7
Hamid D. Taghirad,K. N. Toosi Univ. of Technology,Hamid D. TaghiradK. N. Toosi Univ. of Technologyf4218
Hassan Zohoor,Sharif University of Technology,Hassan ZohoorSharif University of Technology6a0b4
Heydar Ali Talebi,Amirkabir University of Technology,Heydar Ali TalebiAmirkabir University of Technologybbfce
Iman Sharifi,Amirkabir University of Technology,Iman SharifiAmirkabir University of Technology876a0
Mehdi Aliyari Shoredeli,K. N. Toosi Univ. of Technology,Mehdi Aliyari ShoredeliK. N. Toosi Univ. of Technology5f794
Mehdi Tale Masouleh,University of Tehran,Mehdi Tale MasoulehUniversity of Tehran6c67b
Mohammad A. Khosravi,Amirkabir University of Technology,Mohammad A. KhosraviAmirkabir University of Technology7b15a
Mohammad Dehghani,University of Tehran,Mohammad DehghaniUniversity of Tehran929aa
Mohammad Zareinejad,Amirkabir University of Technology,Mohammad ZareinejadAmirkabir University of Technology245e2
M. Habibnejad Korayem,Iran University of Science and Technology,M. Habibnejad KorayemIran University of Science and Technology0f672
Payam Zarafshan,University of Tehran,Payam ZarafshanUniversity of Tehran8a5eb
Soroush Sadeghnejad,Amirkabir University of Technology,Soroush SadeghnejadAmirkabir University of Technology474a2
Ali Meghdari,Sharif University of Technology,Ali MeghdariSharif University of Technology3b253
Mehdi Delrobaei,K. N. Toosi Univ. of Technology,Mehdi DelrobaeiK. N. Toosi Univ. of Technology5a81f
Shahram Moin,ICT Research Institute,Shahram MoinICT Research Institutec3ed7
Mrs. Shokraneh,Qeshm Voltage,Mrs. ShokranehQeshm Voltageb8601
Jafar Sadigh,Isfahan University of Technology,Jafar SadighIsfahan University of Technologyb1ef3
Khalil Aalipour,University of Tehran,Khalil AalipourUniversity of Tehran267bc
Ali Keymasi Khalaji,Khawrazmi University,Ali Keymasi KhalajiKhawrazmi University27304
Ali Nahvi,K. N. Toosi University of Technology,Ali NahviK. N. Toosi University of Technologyc6fd1
Farzad Cheraghpour,Islamic Azad University,Farzad CheraghpourIslamic Azad University11560
Gholamreza Vossoughi,Sharif University of Technology,Gholamreza VossoughiSharif University of Technology2a590
Hami Tourajizadeh,Kharazmi University,Hami TourajizadehKharazmi University7b14a
Jihad Sahili,Lebanese University,Jihad SahiliLebanese Universityd4f2c
Mahdi Bamdad,Shahrood University,Mahdi BamdadShahrood University16dc1
Mahdi Khorram,K. N. Toosi U. of Tech.,Mahdi KhorramK. N. Toosi U. of Tech.a992b
Majid Nili Ahmadabadi,University of Tehran,Majid Nili AhmadabadiUniversity of Tehran945a5
Minoo Alemi,Sharif University of Technology,Minoo AlemiSharif University of Technologyec93b
Mohammad Bozorg,University of Yazd,Mohammad BozorgUniversity of Yazdf3054
Mohammad Farokhi,Iran University of Science and Technology,Mohammad FarokhiIran University of Science and Technology87895
Mohammad Reza Zakerzadeh,University of Tehran,Mohammad Reza ZakerzadehUniversity of Tehraneecbc
Mostafa Ghayour,Isfahan University of Technology,Mostafa GhayourIsfahan University of Technologyad3f1
Rambod Rastegari,Islamic Azad University,Rambod RastegariIslamic Azad University8f172
Saeed Behzadipour,Sharif University of Technology,Saeed BehzadipourSharif University of Technologydbfeb
Saeed Shiry Ghidary,Amirkabir University of Technology,Saeed Shiry GhidaryAmirkabir University of Technologyee390
Vahid Azimi Rad,University of Tabriz,Vahid Azimi RadUniversity of Tabriza6d37
Ali Reza Akbarzadeh Tootoonchi,Ferdowsi University of Mashhad,Ali Reza Akbarzadeh TootoonchiFerdowsi University of Mashhad7443f
Hamid Mohammadi Daniali,Babol Noshirvani University of Technology,Hamid Mohammadi DanialiBabol Noshirvani University of Technologyba587
Vali Derhami,Yazd University,Vali DerhamiYazd University0a5d2
Hamed Ghafarirad,Amirkabir University of Technology,Hamed GhafariradAmirkabir University of Technology4561d
Mohammad Mahjoob,University of Tehran,Mohammad MahjoobUniversity of Tehran6c91e
Mehdi Keshmiri,Isfahan University of Technology,Mehdi KeshmiriIsfahan University of Technology11fea
Kosar Behnia,Amirkabir University of Technology,Kosar BehniaAmirkabir University of Technology7c305
Hamid Reza Baghaei,Amirkabir University of Technology,Hamid Reza BaghaeiAmirkabir University of Technologye0fdc
Mohammad Motaharifar,Isfahan University,Mohammad MotaharifarIsfahan University82c92
Reza Heidari,K. N. Toosi Univ. of Technology,Reza HeidariK. N. Toosi Univ. of Technology967df
"Maryam Mohammadzadeh, M.D.",Tehran University of Medical Sciences,"Maryam Mohammadzadeh, M.D.Tehran University of Medical Sciencesff4e6"
"Parisa Abdi, M.D. ",Tehran University of Medical Sciences,"Parisa Abdi, M.D. Tehran University of Medical Sciencese8e49"
"Seyed Farzad Mohammadi, M.D. ",Tehran University of Medical Sciences,"Seyed Farzad Mohammadi, M.D. Tehran University of Medical Sciences046b1"
Alireza Lashay,Tehran University of Medical Sciences,Alireza LashayTehran University of Medical Sciences8bea3
Mohammad Sina Allahkaram,K. N. Toosi Univ. of Technology,Mohammad Sina AllahkaramK. N. Toosi Univ. of Technology5f6d5
Fatemeh Rafsanjani,Qeshm Voltage,Fatemeh RafsanjaniQeshm Voltagea3209
Guest,Qeshm Voltage,GuestQeshm Voltagea6055
Guest,Qeshm Voltage,GuestQeshm Voltage0488b
Guest,Qeshm Voltage,GuestQeshm Voltagee0a08
Guest,Qeshm Voltage,GuestQeshm Voltagebdd34
Guest,Qeshm Voltage,GuestQeshm Voltage51c9c
Guest,Qeshm Voltage,GuestQeshm Voltage76a32
Guest,Qeshm Voltage,GuestQeshm Voltage44735
Guest,Qeshm Voltage,GuestQeshm Voltagea20db
Guest,Qeshm Voltage,GuestQeshm Voltage67d53
Guest,Qeshm Voltage,GuestQeshm Voltage0242e
Guest,Pishrobot,GuestPishrobotb145b
Guest,Pishrobot,GuestPishrobotdc9d1
Guest,Pishrobot,GuestPishrobot714af
Guest,Pishrobot,GuestPishrobota0a32
Guest,Pishrobot,GuestPishrobot55b2f
Guest,Pishrobot,GuestPishrobotf23f7
Guest,Pishrobot,GuestPishrobot413bd
Guest,Pishrobot,GuestPishrobot32225
Guest,Pishrobot,GuestPishrobotc5352
Guest,Pishrobot,GuestPishrobotdcd49
Guest,Shahid Chamran Center,GuestShahid Chamran Centerf18be
Guest,Shahid Chamran Center,GuestShahid Chamran Center933c8
Guest,Shahid Chamran Center,GuestShahid Chamran Center3e683
Guest,Shahid Chamran Center,GuestShahid Chamran Center667d7
Guest,Shahid Chamran Center,GuestShahid Chamran Center9369a
Guest,Shahid Chamran Center,GuestShahid Chamran Center35dbe
Guest,Shahid Chamran Center,GuestShahid Chamran Center71314
Guest,Shahid Chamran Center,GuestShahid Chamran Center3c573
Guest,Shahid Chamran Center,GuestShahid Chamran Centera7be4
Guest,Shahid Chamran Center,GuestShahid Chamran Center083f2
Guest,Shahid Chamran Center,GuestShahid Chamran Center03a92
اسماعیل امیر آبادی فراهانی,جهاد خودکفایی نزاجا,اسماعیل امیر آبادی فراهانیجهاد خودکفایی نزاجاa4d5c
علی حکیمی,جهاد خودکفایی نزاجا,علی حکیمیجهاد خودکفایی نزاجاf0131
آرش امامی,جهاد خودکفایی نزاجا,آرش امامیجهاد خودکفایی نزاجا271b9
امیر کرمانی,جهاد خودکفایی نزاجا,امیر کرمانیجهاد خودکفایی نزاجا397f7
علی هنرجو,جهاد خودکفایی نزاجا,علی هنرجوجهاد خودکفایی نزاجا09766
داوود مودت نیا,جهاد خودکفایی نزاجا,داوود مودت نیاجهاد خودکفایی نزاجا805a3
میثم رضانژادی,جهاد خودکفایی نزاجا,میثم رضانژادیجهاد خودکفایی نزاجا0a364
سید عبدالرضا ثابت قدم,جهاد خودکفایی نزاجا,سید عبدالرضا ثابت قدمجهاد خودکفایی نزاجاfdc87
مرتضی طاهرنیا,جهاد خودکفایی نزاجا,مرتضی طاهرنیاجهاد خودکفایی نزاجا7de27
مجید رستمی,جهاد خودکفایی نزاجا,مجید رستمیجهاد خودکفایی نزاجاafeb8
Guest,فاوا,Guestفاواa870e
Guest,فاوا,Guestفاواf7a05
Guest,فاوا,Guestفاوا0333c
Guest,فاوا,Guestفاوا20fd2
Guest,فاوا,Guestفاواd1b9f
Guest,فاوا,Guestفاوا63255
Guest,فاوا,Guestفاواc9b23
Guest,فاوا,Guestفاوا67222
Guest,فاوا,Guestفاوا1fa53
Guest,فاوا,Guestفاواef108
Guest,روباتی مال,Guestروباتی مال1b038
Guest,روباتی مال,Guestروباتی مالfb2c8
Guest,روباتی مال,Guestروباتی مالecb8b
Guest,روباتی مال,Guestروباتی مال9cfec
Guest,روباتی مال,Guestروباتی مال7e093
Guest,مرکز تحقیقات قشم ولتاژ,Guestمرکز تحقیقات قشم ولتاژ280ae
Guest,مرکز تحقیقات قشم ولتاژ,Guestمرکز تحقیقات قشم ولتاژ6e153
Guest,مرکز تحقیقات قشم ولتاژ,Guestمرکز تحقیقات قشم ولتاژd1bf9
Guest,مرکز تحقیقات قشم ولتاژ,Guestمرکز تحقیقات قشم ولتاژ50c8e
Guest,مرکز تحقیقات قشم ولتاژ,Guestمرکز تحقیقات قشم ولتاژ87b1d
Guest,تخشا,Guestتخشا93925
Guest,تخشا,Guestتخشا9479f
Guest,تخشا,Guestتخشاdb64d
Guest,تخشا,Guestتخشا0b349
Guest,تخشا,Guestتخشاb8d01
Arian Abedini,K. N. Toosi University of Technology,Arian AbediniK. N. Toosi University of Technology99d88
Sina Hallajian,K. N. Toosi University of Technology,Sina HallajianK. N. Toosi University of Technologydb1fb
Amirhossein Afkhami Ardekani,University of Tehran,Amirhossein Afkhami ArdekaniUniversity of Tehrandab81
Hossein Karimpour,University of Isfahan,Hossein KarimpourUniversity of Isfahanc82d7
Hojjat Sabzali,Ferdowsi University of Mashhad,Hojjat SabzaliFerdowsi University of Mashhad734da
Sina Ghanaat,K. N. Toosi University of Technology,Sina GhanaatK. N. Toosi University of Technology409de
Alireza Gholipour,Amirkabir University of Technology,Alireza GholipourAmirkabir University of Technologyc75e0
Shafagh A. Pashaki,K. N. Toosi University of Technology,Shafagh A. PashakiK. N. Toosi University of Technologyf9852
Mohammad Hosein Hadian,Amirkabir University of Technology,Mohammad Hosein HadianAmirkabir University of Technologyd94cf
Alireza Abbasimoshaei,University of Tehran,Alireza AbbasimoshaeiUniversity of Tehran30b1b
Amin Pourmohammadian,Sharif University of Technology,Amin PourmohammadianSharif University of Technology030b4
Zahra Parvin Ashtyani,University of Tehran,Zahra Parvin AshtyaniUniversity of Tehrana0a38
Mohammad Javad Ranjbar Kalahroodi,Amirkabir University of Technology,Mohammad Javad Ranjbar KalahroodiAmirkabir University of Technology6daf7
Amir Bayat,Amirkabir University of Technology,Amir BayatAmirkabir University of Technology65d5b
Mahdi Robati,University of Tehran,Mahdi RobatiUniversity of Tehran247b3
Hadi Nobahari,Sharif University of Technology,Hadi NobahariSharif University of Technologya0c59
Amir Ardalani,University of Isfahan,Amir ArdalaniUniversity of Isfahan90587
Alireza Ahangarani Farahani,Malek Ashtar University of Technology,Alireza Ahangarani FarahaniMalek Ashtar University of Technologya9d97
Arezoo Alipanah,K. N. Toosi University of Technology,Arezoo AlipanahK. N. Toosi University of Technologyd916f
Sadegh Sehhat,University of Tehran,Sadegh SehhatUniversity of Tehran99743
Alireza Pedaran,Amirkabir University of Technology,Alireza PedaranAmirkabir University of Technologyc891b
Ali Sadighi,University of Tehran,Ali SadighiUniversity of Tehrand8261
Mohammad Mahdi Rasouli Sani Abadi,Sharif University of Technology,Mohammad Mahdi Rasouli Sani AbadiSharif University of Technologyc628e
Ahamdreza Hajebifard,Amirkabir University of Technology,Ahamdreza HajebifardAmirkabir University of Technology69773
Sobhan Siamak,Shiraz University,Sobhan SiamakShiraz University0a3f9
Ali Khastavan,University of Tehran,Ali KhastavanUniversity of Tehrane5ecc
Sohrab Allahyari,Shahid Beheshti University,Sohrab AllahyariShahid Beheshti Universityec966
Amirhosein Javanfar,Shahrood University of Technology,Amirhosein JavanfarShahrood University of Technology95dab
Vahid Bahrami,University of Tehran,Vahid BahramiUniversity of Tehran32f15
Masoud Chatavi,Amirkabir University of Technology,Masoud ChataviAmirkabir University of Technology8273e
Ali Mirhaghgoo,Amirkabir University of Technology,Ali MirhaghgooAmirkabir University of Technology3ca97
Saba Samadi,University of Tehran,Saba SamadiUniversity of Tehran8c923
Alireza Akram,Semnan University,Alireza AkramSemnan University58362
abin,University of Tehran,abinUniversity of Tehranf2b2b
Reza Nopour Hollari,Amirkabir University of Technology,Reza Nopour HollariAmirkabir University of Technologybaedb
Parsa Kabir,Amirkabir University of Technology,Parsa KabirAmirkabir University of Technology1fa6b
Pouria Mehrabi,K. N. Toosi University of Technology,Pouria MehrabiK. N. Toosi University of Technology7f3bd
Roujin Mousavifard,University of Tehran,Roujin MousavifardUniversity of Tehran60e6a
AmirReza BabaAhmadi,University of Tehran,AmirReza BabaAhmadiUniversity of Tehrana15ee
Fatemeh Ghaffarpour,University of Tehran,Fatemeh GhaffarpourUniversity of Tehran29e7a
Navid Nikseresht,Iran university of science and technology,Navid NiksereshtIran university of science and technology592ad
Farzad Tofighi,Ferdowsi University of Mashhad,Farzad TofighiFerdowsi University of Mashhad20d42
Marzie Lafouti,K. N. Toosi University of Technology,Marzie LafoutiK. N. Toosi University of Technologya8070
Reza Behbahani Nejad,K. N. Toosi University of Technology,Reza Behbahani NejadK. N. Toosi University of Technologyfb632
Erfan Koochakzadeh,Ferdowsi University of Mashhad,Erfan KoochakzadehFerdowsi University of Mashhaddf2a0
Afshin Kouhkord,K. N. Toosi University of Technology,Afshin KouhkordK. N. Toosi University of Technologyea932
Seyed Hooman Hosseini-Zahraei,Ferdowsi University of Mashhad,Seyed Hooman Hosseini-ZahraeiFerdowsi University of Mashhada57b0
Mohammad Moein Pourmand,Ferdowsi University of Mashhad,Mohammad Moein PourmandFerdowsi University of Mashhadfda83
Ali Mirhaghgoo,Amirkabir University of Technology,Ali MirhaghgooAmirkabir University of Technology7f00e
Erfan Mahmoodtabar,Iran University of Science and Technology,Erfan MahmoodtabarIran University of Science and Technologyfb504
Seyed Yaghoub Ashkoofaraz,Isfahan University of Technology,Seyed Yaghoub AshkoofarazIsfahan University of Technology9e618
Yasin Asadi,Shahid Bahonar university of Kerman,Yasin AsadiShahid Bahonar university of Kerman1b07b
Vahid Yazdnian,University of Tehran,Vahid YazdnianUniversity of Tehran9e64c
Rasul Fesharakifard,Amirkabir University of Technology,Rasul FesharakifardAmirkabir University of Technology2c2d1
Mehdi Shahrami,Sharif university of technology,Mehdi ShahramiSharif university of technology4da72
yazdan alvari,Shahid Beheshti University,yazdan alvariShahid Beheshti University8a710
Farshad Haque Daryakenari,Sharif University of Technology,Farshad Haque DaryakenariSharif University of Technologye7dc7
Amirhossein Noohian,Sharif University of Technology,Amirhossein NoohianSharif University of Technology1fc37
Nasrin Eisaabadi,Arak University,Nasrin EisaabadiArak University776ce
Mohammad Mahdi Kalantari,K. N. Toosi University of Technology,Mohammad Mahdi KalantariK. N. Toosi University of Technology03465
Mohammadali Amiri Atashgah,University of Tehran,Mohammadali Amiri AtashgahUniversity of Tehran3c38e
Abbas Karami,Shiraz University of Technology,Abbas KaramiShiraz University of Technology3f769
Amirreza Akbari,Amirkabir University of Technology,Amirreza AkbariAmirkabir University of Technology56484
Mohammad Nemati,Sharif University of Technology,Mohammad NematiSharif University of Technology6d424
Masoome Daliry Moghadam,Shahrood University of Technology,Masoome Daliry MoghadamShahrood University of Technology0f299
MohammadReza Haghighat,Amirkabir university of technology,MohammadReza HaghighatAmirkabir university of technology76949
Ali Fallahi RahmatAbadi,"Islamic Azad University, Karaj Branch","Ali Fallahi RahmatAbadiIslamic Azad University, Karaj Branch0b6ca"
Khalil Alipour,University of Tehran,Khalil AlipourUniversity of Tehrane9678
Bahram Tarvirdizadeh,University of Tehran,Bahram TarvirdizadehUniversity of Tehrana9763
Mahmood Fadaei,Shiraz University,Mahmood FadaeiShiraz University7b747
Ahmad Karimi,Shahrood University of Technology,Ahmad KarimiShahrood University of Technology26e1b
Fateme zare,K. N. Toosi University of Technology,Fateme zareK. N. Toosi University of Technologya9605
Parsa Esfandiari,Sharif University of Technology,Parsa EsfandiariSharif University of Technology7678f
Mohammadreza Doostmohammadian,"Semnan University, Aalto University","Mohammadreza DoostmohammadianSemnan University, Aalto University860fb"
Mona Akrad Jalilvand,"Islamic Azad University, Qazvin Branch","Mona Akrad JalilvandIslamic Azad University, Qazvin Branch660cf"
Omid Mohseni,University of Tehran,Omid MohseniUniversity of Tehran4d72f
Reza Heidari,K. N. Toosi Univ. of Technology,Reza HeidariK. N. Toosi Univ. of Technologya2305
Ashkan Rashvand,K. N. Toosi Univ. of Technology,Ashkan RashvandK. N. Toosi Univ. of Technologye6110
Mohammadmehdi Karami,K. N. Toosi Univ. of Technology,Mohammadmehdi KaramiK. N. Toosi Univ. of Technologyfb389
Mohammadreza Taghimohammadi Khoundabi,Sharif University of Technology,Mohammadreza Taghimohammadi KhoundabiSharif University of Technologyc3a0e
Ali Ghadami,Sharif University of Technology,Ali GhadamiSharif University of Technology9743a
Mohammad Barabadi,Amirkabir University of Technology,Mohammad BarabadiAmirkabir University of Technology6c5d8
Ashkan Safari,University of Tabriz,Ashkan SafariUniversity of Tabriz50c78
Ali Rouhollahi,University of Tehran,Ali RouhollahiUniversity of Tehran06cc7
Mohammad Javad Shabani,K. N. Toosi Univ. of Technology,Mohammad Javad ShabaniK. N. Toosi Univ. of Technology7f292
Armin Attarzadeh,Iran University of Science and Technology,Armin AttarzadehIran University of Science and Technology22388
Mohamad Amin Davari,K. N. Toosi Univ. of Technology,Mohamad Amin DavariK. N. Toosi Univ. of Technologyffc63
Farid Kaviany,Amirkabir University of Technology,Farid KavianyAmirkabir University of Technology92764
Hossein Karimi,University of Tehran,Hossein KarimiUniversity of Tehran6b5f3
Reyhaneh Hadipour Mollasaraei,K. N. Toosi Univ. of Technology,Reyhaneh Hadipour MollasaraeiK. N. Toosi Univ. of Technologyb6f41
Sara Shojaei,Amirkabir University of Technology,Sara ShojaeiAmirkabir University of Technology943b4
Mahban G.Jafari,Amirkabir University of Technology,Mahban G.JafariAmirkabir University of Technology54e62
Negar tahlavi,Amirkabir University of Technology,Negar tahlaviAmirkabir University of Technology313ed
Harir Naghshbandi,University of Tabriz,Harir NaghshbandiUniversity of Tabriz0fa75
Kiana Kholousi,Alzahra University,Kiana KholousiAlzahra University6bd32
Ghazal Fazlali,Islamic Azad University Central Tehran Branch,Ghazal FazlaliIslamic Azad University Central Tehran Branch6ff72
Sama Nikanfar,K. N. Toosi Univ. of Technology,Sama NikanfarK. N. Toosi Univ. of Technology4eb2f
Ghazale Nesari,Amirkabir University of Technology,Ghazale NesariAmirkabir University of Technology67e8a
Fatemeh Shahi,Malek Ashtar University of Technology,Fatemeh ShahiMalek Ashtar University of Technology3ead5
Fatemeh Karrar,Amirkabir University of Technology,Fatemeh KarrarAmirkabir University of Technology38047
Nami Tavakoli,Semnan University,Nami TavakoliSemnan University6ae22
Mohammad Mahdi Nazeri Ardakani,K. N. Toosi Univ. of Technology,Mohammad Mahdi Nazeri ArdakaniK. N. Toosi Univ. of Technology16a5a
Mohammad Ali Sadraei Javaheri,Sharif University of Technology,Mohammad Ali Sadraei JavaheriSharif University of Technology7156d
Sodabe Bandali,K. N. Toosi Univ. of Technology,Sodabe BandaliK. N. Toosi Univ. of Technologyc0e00
Parisa Ghorbani,K. N. Toosi Univ. of Technology,Parisa GhorbaniK. N. Toosi Univ. of Technology639f2
Alireza Ansari,Amirkabir University of Technology,Alireza AnsariAmirkabir University of Technology90a1c
Mohammed sina Allahkaram,K. N. Toosi Univ. of Technology,Mohammed sina AllahkaramK. N. Toosi Univ. of Technologya8575
Hanie Marufkhani,Amirkabir University of Technology,Hanie MarufkhaniAmirkabir University of Technology541b9
Elnaz Firouzmand,Amirkabir University of Technology,Elnaz FirouzmandAmirkabir University of Technologybbd03
Mohammad Javad Ahmadi,K. N. Toosi Univ. of Technology,Mohammad Javad AhmadiK. N. Toosi Univ. of Technology48d77
